{
    "rmse": 24.09640650907134,
    "smape": 112.58326499044556,
    "train_time": 380.90640687942505
}