{
    "rmse": 6.536240851989519,
    "smape": 27.55114315275066,
    "train_time": 16.765031099319458
}