{
    "rmse": 2.2679873684660055,
    "smape": 18.32597595231898,
    "train_time": 293.3247697353363
}