{
    "rmse": 2.1057383045002043,
    "smape": 10.370205189034213,
    "train_time": 380.3050949573517
}