{
    "rmse": 4.744878129316846,
    "smape": 11.256034441164763,
    "train_time": 541.1816987991333
}