{
    "rmse": 1.3549647785807508,
    "smape": 8.771673890069591,
    "train_time": 83.8260772228241
}