loss,rmse
0.023459074729869165,0.15317007899284363
0.006151076462518589,0.07842957973480225
0.0018688847517890985,0.04322395846247673
0.001326011790307393,0.036405302584171295
0.0011179924803840864,0.03342597931623459
0.0009603693062377602,0.030978243798017502
0.0008338586210252196,0.02886390872299671
0.0007512981763645976,0.027396170422434807
0.0007142532862011947,0.026711303740739822
