{
    "rmse": 1.0475835575540264,
    "smape": 8.957242812046468,
    "train_time": 128.16561341285706
}