{
    "rmse": 27.65137882955524,
    "smape": 87.65611211889612,
    "train_time": 362.51052165031433
}