{
    "rmse": 40.613653782582276,
    "smape": 93.26849379325166,
    "train_time": 19.01612877845764
}