{
    "rmse": 1.742994045820189,
    "smape": 11.496745792286834,
    "train_time": 49.188199281692505
}