{
    "rmse": 2.0395575712670997,
    "smape": 12.883032813166755,
    "train_time": 141.57702565193176
}